claim_id,policy_id,customer_id,claim_amount,claim_status,claim_date
CL001,P101,C101,25000.0,Approved,2026-08-01
CL002,P102,C102,12000.0,Rejected,2026-08-03
CL003,P103,C103,40000.0,Approved,2026-08-05
CL004,P104,C104,18000.0,Approved,2026-08-06
CL005,P105,C105,35000.0,Pending,2026-08-08
CL006,P106,C106,22000.0,Approved,2026-08-09
CL007,P101,C107,30000.0,Approved,2026-08-10
CL008,P102,C108,15000.0,Approved,2026-08-11
CL009,P107,C109,28000.0,Rejected,2026-08-12
CL010,P108,C110,45000.0,Approved,2026-08-13
CL011,P109,C111,16000.0,Approved,2026-08-14
CL012,P110,C112,21000.0,Approved,2026-08-15
CL013,P999,C113,50000.0,Approved,2026-08-16
CL014,P103,C114,,Approved,2026-08-17
CL015,P104,C115,10000.0,Rejected,2026-08-18
